,EventTemplate,Occurrences
0,Please provide the output of the template of the log message.,56
1,Changing view acls to: {placeholders},2
2,"Changing modify acls to: yarn,curi",2
3,Please provide the output of the log message template.,2
4,"SecurityManager: authentication disabled; ui acls disabled; users with view permissions: Set(yarn, curi); users with modify permissions: Set(yarn, curi)",2
5,"
Slf4jLogger started
",1
6,Remoting started; listening on addresses ,1
7,Please provide the abstracted template.,303
8,Please provide the output of the template delimited by backticks.,1
9,17.7 GB,1
10,Connecting to driver: spark://{placeholders},1
11,Successfully registered with driver,1
12,Server created on 40984,1
13,Note: The placeholders are case-sensitive.,1
14,Slf4jLogger started,24
15,Got assigned task ,134
16,Started reading broadcast variable ,28
17,"Block broadcast_9_piece0 stored as bytes in memory (estimated size {size} KB, free {free} KB)",1
18,Reading broadcast variable {placeholders},35
19,free 14.0 KB),1
20,Partition rdd_2_1 not found; computing it,1
21,Partition rdd_2_3 not found; computing it,1
22,Partition rdd_2_0 not found; computing it,1
23,Partition rdd_2_2 not found; computing it,1
24,Partition rdd_2_4 not found; computing it,1
25,Input split: hdfs://10.10.34.11:9000/pjhe/logs/,32
26,Input split: {hdfs://10.10.34.11:9000/pjhe/logs/2kSOSP.log:7292+7292},2
27,"Block broadcast_8_piece0 stored as bytes in memory (estimated size 21.4 KB, free 35.4 KB)",1
28,free 317.0 KB),1
29,Please provide the output for this log message.,4
30,Please provide the corresponding template.,163
31,free 317.5 KB),1
32,free 318.5 KB,1
33,What is the template of the log message?,1
34,free 319.0 KB,1
35,Started reading broadcast variable 2,1
36,free 319.4 KB,1
37,Times: total = 1072; boot = 856; init = 210; finish = 6,1
38,Times: total = 1114; boot = 885; init = 223; finish = 6,1
39,Times: total = 1074; boot = 869; init = 199; finish = 6,1
40,Times: total = 1078; boot = 851; init = 219; finish = 8,1
41,Times: total = 1077; boot = 865; init = 206; finish = 6,1
42,"Block rdd_2_2 stored as bytes in memory (estimated size 850.0 B, free 320.3 KB)",1
43,"Block rdd_2_3 stored as bytes in memory (estimated size 930.0 B, free 321.2 KB)",1
44,"Block rdd_2_1 stored as bytes in memory (estimated size 935.0 B, free 322.1 KB)",1
45,); free 323.0 KB,1
46,); free 323.8 KB,1
47,Times: total = 38; boot = 11; init = 27; finish = 0,1
48,Times: total = 42; boot = 12; init = 30; finish = 0,1
49,Times: total = 41; boot = 15; init = 26; finish = 0,1
50,Times: total = 40; boot = 7; init = 33; finish = 0,1
51,Times: total = 42; boot = 13; init = 28; finish = 1,4
52,42,1
53,Started reading broadcast variable 10,1
54,78,1
55,"Block broadcast_10_piece0 stored as bytes in memory (estimated size 5.8 KB, free 329.6 KB)",1
56,Reading broadcast variable {template},2
57,free 339.2 KB),1
58,Slf4jLogger started Found block rdd_2_0 locally,17
59,Slf4jLogger started Found block rdd_2_3 locally,17
60,Slf4jLogger started Found block rdd_2_4 locally,17
61,Slf4jLogger started Found block rdd_2_2 locally,17
62,Slf4jLogger started Found block rdd_2_1 locally,17
63,Times: total = 42; boot = -4131; init = 4172; finish = 1,1
64,Times: total = 41; boot = -4122; init = 4162; finish = 1,1
65,Times: total = 42; boot = -4121; init = 4162; finish = 1,1
66,Times: total = 42; boot = -4138; init = 4179; finish = 1,1
67,Times: total = 42; boot = -4134; init = 4175; finish = 1,1
68,118,1
69,Started reading broadcast variable 11,1
70,free 353.9 KB),1
71,Times: total = 39; boot = -147; init = 186; finish = 0,2
72,Times: total = 41; boot = -139; init = 179; finish = 1,1
73,Times: total = 38; boot = -156; init = 194; finish = 0,1
74,Times: total = 39; boot = -159; init = 198; finish = 0,1
75,"Block broadcast_12_piece0 stored as bytes in memory (estimated size 5.6 KB, free 359.4 KB)",1
76,free 369.3 KB),1
77,Partition rdd_6_4 not found; computing it,1
78,Partition rdd_6_3 not found; computing it,1
79,Partition rdd_6_0 not found; computing it,1
80,Partition rdd_6_1 not found; computing it,1
81,Partition rdd_6_2 not found; computing it,1
82,Times: total = 38; boot = -170; init = 208; finish = 0,1
83,Times: total = 41; boot = -171; init = 212; finish = 0,1
84,Times: total = 41; boot = -160; init = 200; finish = 1,1
85,Times: total = 38; boot = -172; init = 210; finish = 0,1
86,Times: total = 40; boot = -173; init = 213; finish = 0,1
87,); free 369.5 KB,1
88,free 369.9 KB),1
89,); free 370.2 KB,1
90,); free 370.4 KB,1
91,); free 370.7 KB,1
92,Times: total = 38; boot = 14; init = 24; finish = 0,2
93,Times: total = 38; boot = 12; init = 26; finish = 0,2
94,Times: total = 41; boot = 19; init = 22; finish = 0,3
95,Times: total = 41; boot = 16; init = 25; finish = 0,3
96,Times: total = 40; boot = 5; init = 35; finish = 0,1
97,). 2667 bytes result sent to driver,1
98,171,1
99,185,1
100,Started reading broadcast variable 13,1
101,"Block broadcast_13_piece0 stored as bytes in memory (estimated size 5.7 KB, free 376.4 KB)",1
102,free 386.5 KB),1
103,Slf4jLogger started Found block rdd_6_0 locally,2
104,Slf4jLogger started Found block rdd_6_4 locally,2
105,Slf4jLogger started Found block rdd_6_3 locally,2
106,Slf4jLogger started Found block rdd_6_2 locally,2
107,Slf4jLogger started Found block rdd_6_1 locally,2
108,Times: total = 39; boot = -141; init = 180; finish = 0,1
109,Times: total = 40; boot = -129; init = 169; finish = 0,1
110,Times: total = 41; boot = -134; init = 175; finish = 0,1
111,; finish = 0,11
112,Times: total = 42; boot = -125; init = 166; finish = 1,1
113,free 401.9 KB),1
114,; init = 123;,1
115,Times: total = 40; boot = -77; init = 117; finish = 0,1
116,; finish = ,1
117,Times: total = 40; boot = -78; init = 117; finish = 1,1
118,Times: total = 42; boot = -79; init = 120; finish = 1,1
119,Started reading broadcast variable 15,1
120,"Block broadcast_15_piece0 stored as bytes in memory (estimated size 5.4 KB, free 407.4 KB)",1
121,free 416.6 KB),1
122,Times: total = 39; boot = -107; init = 146; finish = 0,1
123,Times: total = 41; boot = -100; init = 141; finish = 0,1
124,Times: total = 42; boot = -99; init = 141; finish = 0,1
125,Times: total = 39; boot = -103; init = 142; finish = 0,2
126,Times: total = 42; boot = -101; init = 143; finish = 0,1
127,Started reading broadcast variable 16,1
128,"Block broadcast_16_piece0 stored as bytes in memory (estimated size 5.6 KB, free 422.1 KB)",1
129,free 432.0 KB),1
130,Partition rdd_11_0 not found; computing it,1
131,Partition rdd_11_4 not found; computing it,1
132,Partition rdd_11_3 not found; computing it,1
133,Partition rdd_11_2 not found; computing it,1
134,Partition rdd_11_1 not found; computing it,1
135,Times: total = 39; boot = -110; init = 149; finish = 0,1
136,Times: total = 39; boot = -105; init = 144; finish = 0,1
137,Times: total = 42; boot = -103; init = 144; finish = 1,1
138,Times: total = 41; boot = -107; init = 148; finish = 0,2
139,Times: total = 42; boot = -107; init = 148; finish = 1,1
140,); free 432.1 KB,1
141,); free 432.3 KB,1
142,); free 432.4 KB,1
143,); free 432.6 KB,1
144,); free 432.7 KB,1
145,Times: total = 38; boot = 17; init = 21; finish = 0,1
146,Times: total = 41; boot = 28; init = 13; finish = 0,1
147,Times: total = 38; boot = 18; init = 20; finish = 0,5
148,Times: total = 40; boot = 19; init = 21; finish = 0,3
149,Times: total = 41; boot = 17; init = 24; finish = 0,3
150,Started reading broadcast variable 17,1
151,free 448.6 KB),1
152,Slf4jLogger started Found block rdd_11_0 locally,2
153,Slf4jLogger started Found block rdd_11_4 locally,2
154,Slf4jLogger started Found block rdd_11_3 locally,2
155,Slf4jLogger started Found block rdd_11_2 locally,2
156,Slf4jLogger started Found block rdd_11_1 locally,2
157,Times: total = 39; boot = -109; init = 148; finish = 0,1
158,Times: total = 41; boot = -104; init = 144; finish = 1,1
159,Times: total = 42; boot = -107; init = 149; finish = 0,1
160,Started reading broadcast variable 18,1
161,"Block broadcast_18_piece0 stored as bytes in memory (estimated size 5.8 KB, free 454.4 KB)",1
162,free 464.0 KB),1
163,; finish = 1,6
164,Times: total = 40; boot = -75; init = 114; finish = 1,2
165,Times: total = 41; boot = -75; init = 115; finish = 1,1
166,Times: total = 42; boot = -67; init = 108; finish = 1,1
167,438,1
168,"Block broadcast_19_piece0 stored as bytes in memory (estimated size 5.4 KB, free 469.4 KB)",1
169,free 478.6 KB),1
170,; boot = -123; init = 161; finish = 0,1
171,Times: total = 41; boot = -126; init = 167; finish = 0,1
172,Times: total = 40; boot = -127; init = 167; finish = 0,1
173,Times: total = 41; boot = -115; init = 155; finish = 1,1
174,475,1
175,"Block broadcast_20_piece0 stored as bytes in memory (estimated size 5.5 KB, free 416.7 KB)",1
176,free 411.6 KB),1
177,Partition rdd_16_0 not found; computing it,1
178,Partition rdd_16_4 not found; computing it,1
179,Partition rdd_16_3 not found; computing it,1
180,Partition rdd_16_2 not found; computing it,1
181,Partition rdd_16_1 not found; computing it,1
182,Times: total = 40; boot = -95; init = 135; finish = 0,3
183,Times: total = 42; boot = -95; init = 137; finish = 0,1
184,Times: total = 42; boot = -97; init = 139; finish = 0,1
185,; init = 127;,1
186,); free 386.4 KB,1
187,); free 386.6 KB,1
188,); free 386.8 KB,1
189,); free 387.0 KB,1
190,free 387.4 KB),2
191,Times: total = 39; boot = 22; init = 17; finish = 0,1
192,Times: total = 41; boot = 20; init = 21; finish = 0,2
193,Times: total = 40; boot = 20; init = 20; finish = 0,3
194,Times: total = 40; boot = 26; init = 14; finish = 0,2
195,518,1
196,"Block broadcast_21_piece0 stored as bytes in memory (estimated size 5.7 KB, free 393.1 KB)",1
197,free 403.2 KB),1
198,Slf4jLogger started Found block rdd_16_0 locally,2
199,Slf4jLogger started Found block rdd_16_4 locally,2
200,Slf4jLogger started Found block rdd_16_3 locally,2
201,Slf4jLogger started Found block rdd_16_2 locally,2
202,Slf4jLogger started Found block rdd_16_1 locally,2
203,Times: total = 37; boot = -162; init = 199; finish = 0,1
204,Times: total = 40; boot = -157; init = 197; finish = 0,1
205,Times: total = 39; boot = -157; init = 196; finish = 0,1
206,Times: total = 38; boot = -146; init = 184; finish = 0,1
207,Times: total = 40; boot = -156; init = 196; finish = 0,1
208,528,1
209,Please provide the desired output for this log message.,135
210,542,1
211,"Block broadcast_22_piece0 stored as bytes in memory (estimated size 5.8 KB, free 409.0 KB)",1
212,free 418.6 KB),1
213,Times: total = 42; boot = -73; init = 114; finish = 1,2
214,Times: total = 41; boot = -67; init = 107; finish = 1,2
215,Times: total = 40; boot = -74; init = 113; finish = 1,1
216,576,1
217,598,1
218,Times: total = 40; boot = -93; init = 133; finish = 0,1
219,Times: total = 42; boot = -92; init = 133; finish = 1,1
220,"Block broadcast_24_piece0 stored as bytes in memory (estimated size 5.6 KB, free 393.0 KB)",1
221,free 402.8 KB),1
222,Partition rdd_21_1 not found; computing it,1
223,Partition rdd_21_4 not found; computing it,1
224,Partition rdd_21_3 not found; computing it,1
225,Partition rdd_21_2 not found; computing it,1
226,Partition rdd_21_0 not found; computing it,1
227,Times: total = 41; boot = -98; init = 139; finish = 0,1
228,Times: total = 40; boot = -99; init = 139; finish = 0,1
229,); free 403.0 KB,1
230,); free 403.2 KB,1
231,); free 403.4 KB,1
232,); free 403.5 KB,1
233,); free 403.8 KB,1
234,Times: total = 38; boot = 19; init = 19; finish = 0,2
235,Times: total = 39; boot = 20; init = 19; finish = 0,2
236,Times: total = 40; boot = 17; init = 23; finish = 0,1
237,Times: total = 42; boot = 18; init = 24; finish = 0,1
238,678,1
239,"Block broadcast_25_piece0 stored as bytes in memory (estimated size 5.7 KB, free 409.5 KB)",1
240,free 419.6 KB),1
241,Slf4jLogger started Found block rdd_21_0 locally,2
242,Slf4jLogger started Found block rdd_21_4 locally,2
243,Slf4jLogger started Found block rdd_21_3 locally,2
244,Slf4jLogger started Found block rdd_21_2 locally,2
245,Slf4jLogger started Found block rdd_21_1 locally,2
246,Times: total = 39; boot = -104; init = 143; finish = 0,1
247,Times: total = 41; boot = -104; init = 145; finish = 0,1
248,Times: total = 39; boot = -106; init = 145; finish = 0,2
249,Times: total = 43; boot = -104; init = 146; finish = 1,1
250,706,1
251,716,1
252,718,1
253,719,1
254,"Block broadcast_26_piece0 stored as bytes in memory (estimated size 5.8 KB, free 379.9 KB)",1
255,free 389.6 KB),1
256,Times: total = 42; boot = -69; init = 110; finish = 1,1
257,Times: total = 40; boot = -71; init = 110; finish = 1,1
258,Times: total = 44; boot = -72; init = 115; finish = 1,1
259,Times: total = 42; boot = -71; init = 112; finish = 1,1
260,722,1
261,736,1
262,750,1
263,758,1
264,759,1
265,"Block broadcast_27_piece0 stored as bytes in memory (estimated size 5.4 KB, free 395.0 KB)",1
266,free 404.2 KB),1
267,Times: total = 38; boot = -77; init = 115; finish = 0,1
268,Times: total = 40; boot = -76; init = 115; finish = 1,1
269,Times: total = 40; boot = -75; init = 115; finish = 0,1
270,Times: total = 42; boot = -74; init = 115; finish = 1,3
271,762,1
272,776,1
273,789,1
274,798,1
275,799,1
276,"Block broadcast_28_piece0 stored as bytes in memory (estimated size 5.6 KB, free 409.8 KB)",1
277,", free 419.6 KB)",1
278,Partition rdd_26_0 not found; computing it,1
279,Partition rdd_26_4 not found; computing it,1
280,Partition rdd_26_3 not found; computing it,1
281,Partition rdd_26_2 not found; computing it,1
282,Partition rdd_26_1 not found; computing it,1
283,Times: total = 40; boot = -79; init = 119; finish = 0,1
284,Times: total = 41; boot = -82; init = 123; finish = 0,2
285,); free 419.6 KB,3
286,Times: total = 42; boot = -66; init = 107; finish = 1,2
287,); free 419.7 KB,2
288,Times: total = 38; boot = 23; init = 15; finish = 0,3
289,Times: total = 41; boot = 23; init = 18; finish = 0,2
290,Times: total = 39; boot = 18; init = 21; finish = 0,3
291,807,1
292,821,1
293,833,1
294,838,1
295,839,1
296,"Block broadcast_29_piece0 stored as bytes in memory (estimated size 5.7 KB, free 379.5 KB)",1
297,free 374.2 KB),1
298,Slf4jLogger started Found block rdd_26_0 locally,2
299,Slf4jLogger started Found block rdd_26_4 locally,2
300,Slf4jLogger started Found block rdd_26_3 locally,2
301,Slf4jLogger started Found block rdd_26_2 locally,2
302,Slf4jLogger started Found block rdd_26_1 locally,2
303,Times: total = 38; boot = -119; init = 157; finish = 0,2
304,Times: total = 40; boot = -111; init = 151; finish = 0,1
305,Times: total = 41; boot = -110; init = 151; finish = 0,1
306,853,1
307,867,1
308,877,1
309,878,1
310,879,1
311,free 389.7 KB),1
312,Times: total = 38; boot = -59; init = 96; finish = 1,1
313,Times: total = 39; boot = -59; init = 98; finish = 0,1
314,Times: total = 41; boot = -59; init = 100; finish = 0,1
315,Times: total = 41; boot = -59; init = 99; finish = 1,1
316,Times: total = 41; boot = -58; init = 98; finish = 1,1
317,886,1
318,"Block broadcast_31_piece0 stored as bytes in memory (estimated size 5.6 KB, free 395.3 KB)",1
319,free 405.1 KB),1
320,Partition rdd_30_0 not found; computing it,1
321,Partition rdd_30_4 not found; computing it,1
322,Partition rdd_30_3 not found; computing it,1
323,Partition rdd_30_2 not found; computing it,1
324,Partition rdd_30_1 not found; computing it,1
325,Times: total = 37; boot = -88; init = 125; finish = 0,1
326,); free 405.4 KB,1
327,Times: total = 41; boot = -84; init = 125; finish = 0,1
328,Times: total = 40; boot = -85; init = 125; finish = 0,1
329,); free 405.6 KB,1
330,); free 405.8 KB,1
331,); free 406.0 KB,1
332,); free 406.3 KB,1
333,Times: total = 39; boot = 21; init = 18; finish = 0,1
334,Times: total = 41; boot = 18; init = 23; finish = 0,2
335,Times: total = 40; boot = 18; init = 22; finish = 0,2
336,"Block broadcast_32_piece0 stored as bytes in memory (estimated size 5.7 KB, free 406.3 KB)",1
337,free 400.4 KB),1
338,Slf4jLogger started Found block rdd_30_0 locally,2
339,Slf4jLogger started Found block rdd_30_3 locally,2
340,Slf4jLogger started Found block rdd_30_2 locally,2
341,Slf4jLogger started Found block rdd_30_1 locally,2
342,Slf4jLogger started Found block rdd_30_4 locally,2
343,Times: total = 39; boot = -134; init = 173; finish = 0,1
344,Times: total = 40; boot = -130; init = 170; finish = 0,1
345,Times: total = 40; boot = -132; init = 172; finish = 0,1
346,Times: total = 42; boot = -132; init = 173; finish = 1,1
347,Times: total = 40; boot = -129; init = 168; finish = 1,1
348,1012,1
349,"Block broadcast_33_piece0 stored as bytes in memory (estimated size 29.5 KB, free 404.8 KB)",1
350,free 486.9 KB),1
351,File Output Committer Algorithm version is 1,30
352,Times: total = 40; boot = -340; init = 380; finish = 0,1
353,Times: total = 40; boot = -337; init = 376; finish = 1,1
354,Times: total = 42; boot = -343; init = 384; finish = 1,1
355,Times: total = 39; boot = -342; init = 381; finish = 0,1
356,Times: total = 41; boot = -343; init = 384; finish = 0,1
357,Saved output of task 'attempt_201706092018_0024_m_000003_1012',1
358,Saved output of task 'attempt_201706092018_0024_m_000004_1026',1
359,Saved output of task ',1
360,Please provide the input log message and I will help you extract the template.,3
361,Saved output of task 'attempt_201706092018_0024_m_000001',1
362,1125,1
363,1126,1
364,1127,1
365,1128,1
366,1129,1
367,Times: total = 39; boot = -397; init = 436; finish = 0,1
368,Times: total = 38; boot = -405; init = 443; finish = 0,1
369,Times: total = 40; boot = -400; init = 440; finish = 0,1
370,Times: total = 38; boot = -390; init = 428; finish = 0,1
371,Times: total = 41; boot = -398; init = 439; finish = 0,1
372,Please provide the input log message and I will extract the template for you.,6
373,Saved output of task 'attempt_201706092018_0024_m_000040_1125',1
374,"Please input the template you want to extract, separated by a space.",3
375,Saved output of task 'attempt_201706092018_0024_m_000041_1126',1
376,1135,1
377,1136,1
378,1137,1
379,1138,1
380,1141,1
381,Times: total = 37; boot = -87; init = 124; finish = 0,1
382,Times: total = 39; boot = -79; init = 118; finish = 0,1
383,Times: total = 42; boot = -81; init = 122; finish = 1,1
384,Times: total = 41; boot = -83; init = 123; finish = 1,1
385,"Please input the template you want to extract, separated by a semicolon.",1
386,Saved output of task 'attempt_201706092018_0024_m_000084',1
387,Saved output of task 'attempt_201706092018_0024_m_000080_1135',1
388,Saved output of task 'attempt_201706092018_0024_m_000082_1137',1
389,Saved output of task 'attempt_201706092018_0024_m_000081',1
390,1145,1
391,1146,1
392,1147,1
393,1150,1
394,1151,1
395,Times: total = 40; boot = -82; init = 122; finish = 0,1
396,Saved output of task 'attempt_201706092018_0024_m_000124_1151',1
397,1155,1
398,Times: total = 39; boot = -102; init = 141; finish = 0,1
399,Times: total = 38; boot = -112; init = 150; finish = 0,1
400,Times: total = 40; boot = -107; init = 147; finish = 0,1
401,Times: total = 40; boot = -116; init = 156; finish = 0,1
402,Saved output of task 'attempt_201706092018_0024_m_000122_1147',1
403,Saved output of task 'attempt_201706092018_0024_m_000123_1150',1
404,1156,1
405,1157,1
406,1158,1
407,1159,1
408,Times: total = 38; boot = -62; init = 100; finish = 0,1
409,Times: total = 38; boot = -45; init = 83; finish = 0,1
410,Times: total = 38; boot = -37; init = 75; finish = 0,1
411,Saved output of task 'attempt_201706092018_0024_m_000163_1158',1
412,Times: total = 37; boot = -54; init = 91; finish = 0,1
413,Times: total = 37; boot = -62; init = 99; finish = 0,1
414,Saved output of task 'attempt_201706092018_0024_m_000162_1157',1
415,1166,1
416,1180,1
417,1194,1
418,1198,1
419,1199,1
420,free 593.1 KB),1
421,Times: total = 38; boot = -727; init = 765; finish = 0,1
422,Times: total = 41; boot = -707; init = 748; finish = 0,1
423,Times: total = 39; boot = -700; init = 739; finish = 0,1
424,Times: total = 39; boot = -690; init = 729; finish = 0,1
425,Times: total = 41; boot = -699; init = 740; finish = 0,1
426,Saved output of task 'attempt_201706092018_0025_m_000003_1198',1
427,Saved output of task 'attempt_201706092018_0025_m_000002_1194',1
428,"Block broadcast_37_piece0 stored as bytes in memory (estimated size 5.2 KB, free 569.5 KB)",1
429,free 500.9 KB),1
430,Partition rdd_42_0 not found; computing it,1
431,Partition rdd_42_4 not found; computing it,1
432,Partition rdd_42_3 not found; computing it,1
433,Partition rdd_42_2 not found; computing it,1
434,Partition rdd_42_1 not found; computing it,1
435,free 803.9 KB),1
436,Times: total = 47; boot = -8758; init = 8800; finish = 5,1
437,Times: total = 55; boot = -8764; init = 8814; finish = 5,1
438,Times: total = 55; boot = -8768; init = 8818; finish = 5,1
439,Times: total = 59; boot = -8772; init = 8826; finish = 5,1
440,Times: total = 60; boot = -8772; init = 8827; finish = 5,1
441,Block rdd_42_4,1
442,free 806.5 KB),1
443,", free 807.4 KB)",1
444,", free 808.4 KB)",1
445,Times: total = 42; boot = 25; init = 16; finish = 1,1
446,1205,1
447,Times: total = 41; boot = 21; init = 20; finish = 0,2
448,Times: total = 41; boot = 20; init = 20; finish = 1,1
449,Partition rdd_42_5 not found; computing it,1
450,Input split: _______________,5
451,Times: total = 42; boot = 23; init = 19; finish = 0,1
452,Times: total = 42; boot = 20; init = 21; finish = 1,2
453,1207,1
454,1208,1
455,Partition rdd_42_6 not found; computing it,1
456,Partition rdd_42_7 not found; computing it,1
457,Partition rdd_42_8 not found; computing it,1
458,Partition rdd_42_9 not found; computing it,1
459,Times: total = 54; boot = 21; init = 28; finish = 5,1
460,", free 809.3 KB)",1
461,Times: total = 57; boot = 11; init = 41; finish = 5,1
462,Times: total = 53; boot = 7; init = 41; finish = 5,1
463,Times: total = 58; boot = 7; init = 46; finish = 5,1
464,", free 809.8 KB)",1
465,Block rdd_42_9,1
466,Times: total = 65; boot = 10; init = 45; finish = 10,1
467,Block rdd_42_8,1
468,free 812.2 KB),1
469,Times: total = 45; boot = 19; init = 26; finish = 0,1
470,1210,1
471,Times: total = 41; boot = 24; init = 17; finish = 0,1
472,Times: total = 42; boot = 22; init = 19; finish = 1,4
473,1211,1
474,1212,1
475,1213,1
476,Partition rdd_42_11 not found; computing it,1
477,Input split: {hdfs://10.10.34.11:9000/pjhe/logs/2kSOSP.log:80212+7292},1
478,1214,1
479,Partition rdd_42_12 not found; computing it,1
480,Input split: {hdfs://10.10.34.11:9000/pjhe/logs/2kSOSP.log:87504+7292},1
481,Partition rdd_42_14 not found; computing it,1
482,Times: total = 48; boot = 8; init = 35; finish = 5,1
483,Times: total = 48; boot = 10; init = 33; finish = 5,1
484,Times: total = 51; boot = 3; init = 43; finish = 5,1
485,"Block rdd_42_13 stored as bytes in memory (estimated size 912.0 B, free 814.9 KB)",1
486,Times: total = 56; boot = 10; init = 40; finish = 6,1
487,Times: total = 58; boot = 13; init = 40; finish = 5,1
488,); free 815.8 KB,1
489,"Block rdd_42_14 stored as bytes in memory (estimated size 834.0 B, free 816.6 KB)",1
490,Times: total = 42; boot = 17; init = 24; finish = 1,2
491,1215,1
492,Times: total = 39; boot = 20; init = 18; finish = 1,2
493,1216,1
494,Times: total = 40; boot = 22; init = 18; finish = 0,1
495,1217,1
496,Times: total = 39; boot = 24; init = 14; finish = 1,1
497,Partition rdd_42_16 not found; computing it,1
498,1218,1
499,1219,1
500,Partition rdd_42_18 not found; computing it,1
501,Partition rdd_42_19 not found; computing it,1
502,Times: total = 49; boot = 16; init = 28; finish = 5,1
503,Times: total = 53; boot = 14; init = 34; finish = 5,1
504,Times: total = 52; boot = 13; init = 34; finish = 5,1
505,Times: total = 50; boot = 7; init = 38; finish = 5,1
506,Times: total = 52; boot = 2; init = 45; finish = 5,1
507,", free 819.9 KB)",1
508,Times: total = 38; boot = 16; init = 22; finish = 0,1
509,Partition rdd_42_20 not found; computing it,1
510,Times: total = 38; boot = 24; init = 14; finish = 0,1
511,Times: total = 43; boot = 23; init = 19; finish = 1,1
512,1221,1
513,Partition rdd_42_22 not found; computing it,1
514,Times: total = 38; boot = 20; init = 18; finish = 0,1
515,1223,1
516,1224,1
517,Partition rdd_42_23 not found; computing it,1
518,Input split: hdfs://10.10.34.11:9000/pjhe/logs/2kSOSP.log:167716+7292,1
519,Partition rdd_42_24 not found; computing it,1
520,Input split: hdfs://10.10.34.11:9000/pjhe/logs/2kSOSP.log:175008+7292,1
521,Times: total = 47; boot = 5; init = 37; finish = 5,1
522,Times: total = 53; boot = 15; init = 33; finish = 5,1
523,Times: total = 54; boot = 17; init = 32; finish = 5,1
524,),1
525,Times: total = 50; boot = 4; init = 41; finish = 5,1
526,Times: total = 54; boot = 8; init = 41; finish = 5,1
527,Block rdd_42_24,1
528,Times: total = 40; boot = 13; init = 26; finish = 1,1
529,1225,1
530,Partition rdd_42_25 not found; computing it,1
531,Times: total = 42; boot = 26; init = 16; finish = 0,1
532,Times: total = 39; boot = 23; init = 16; finish = 0,2
533,1226,1
534,1227,1
535,Partition rdd_42_26 not found; computing it,1
536,Input split: hdfs://10.10.34.11:9000/pjhe/logs/2kSOSP.log:189592+7292,1
537,Times: total = 38; boot = 21; init = 17; finish = 0,1
538,Times: total = 42; boot = 20; init = 22; finish = 0,1
539,1228,1
540,Partition rdd_42_28 not found; computing it,1
541,Partition rdd_42_29 not found; computing it,1
542,Times: total = 48; boot = 5; init = 38; finish = 5,1
543,Times: total = 52; boot = 7; init = 40; finish = 5,2
544,Times: total = 56; boot = 7; init = 44; finish = 5,1
545,"Block rdd_42_27 stored as bytes in memory (estimated size 790.0 B, free 826.8 KB)",1
546,"Block rdd_42_26 stored as bytes in memory (estimated size 872.0 B, free 827.6 KB)",1
547,Times: total = 54; boot = 5; init = 41; finish = 8,1
548,1230,1
549,Partition rdd_42_30 not found; computing it,1
550,Times: total = 38; boot = 34; init = 4; finish = 0,1
551,Times: total = 42; boot = 24; init = 17; finish = 1,3
552,1231,1
553,1232,1
554,Partition rdd_42_31 not found; computing it,1
555,Partition rdd_42_32 not found; computing it,1
556,1233,1
557,1234,1
558,Partition rdd_42_34 not found; computing it,1
559,Partition rdd_42_33 not found; computing it,1
560,Times: total = 46; boot = 16; init = 25; finish = 5,1
561,"Block rdd_42_30 stored as bytes in memory (estimated size {size} B, free {free} KB)",1
562,Times: total = 51; boot = 12; init = 34; finish = 5,1
563,Times: total = 50; boot = 3; init = 42; finish = 5,1
564,Times: total = 50; boot = 6; init = 39; finish = 5,1
565,1235,1
566,Times: total = 50; boot = 2; init = 43; finish = 5,1
567, free ,1
568,Partition rdd_42_35 not found; computing it,1
569,free 833.7 KB),1
570,Times: total = 42; boot = 24; init = 18; finish = 0,1
571,1236,1
572,1237,1
573,Partition rdd_42_36 not found; computing it,1
574,Times: total = 43; boot = 17; init = 25; finish = 1,1
575,1238,1
576,1239,1
577,Times: total = 47; boot = 17; init = 23; finish = 7,1
578,Partition rdd_42_38 not found; computing it,1
579,Input split: hdfs://10.10.34.11:9000/pjhe/logs/2kSOSP.log:284388+7303,1
580,Times: total = 53; boot = 8; init = 40; finish = 5,1
581,Times: total = 53; boot = 12; init = 36; finish = 5,1
582,Times: total = 41; boot = 9; init = 31; finish = 1,1
583,Times: total = 48; boot = 17; init = 25; finish = 6,1
584,Times: total = 51; boot = 8; init = 38; finish = 5,1
585,Times: total = 40; boot = 24; init = 16; finish = 0,1
586,Times: total = 40; boot = 13; init = 27; finish = 0,1
587,1240,1
588,1241,1
589,1242,1
590,1243,1
591,1244,1
592,"Block broadcast_38_piece0 stored as bytes in memory (estimated size 5.8 KB, free 844.0 KB)",1
593,free 853.7 KB),1
594,Slf4jLogger started Found block rdd_42_0 locally,3
595,Slf4jLogger started Found block rdd_42_4 locally,3
596,Slf4jLogger started Found block rdd_42_2 locally,3
597,Slf4jLogger started Found block rdd_42_3 locally,3
598,Slf4jLogger started Found block rdd_42_1 locally,3
599,Times: total = 42; boot = -77; init = 118; finish = 1,1
600,Times: total = 41; boot = -71; init = 111; finish = 1,1
601,1245,1
602,1246,1
603,1247,1
604,Slf4jLogger started Found block rdd_42_5 locally,3
605,1248,1
606,1249,1
607,Slf4jLogger started Found block rdd_42_7 locally,3
608,Slf4jLogger started Found block rdd_42_6 locally,3
609,Slf4jLogger started Found block rdd_42_8 locally,3
610,Slf4jLogger started Found block rdd_42_9 locally,3
611,Times: total = 40; boot = 26; init = 13; finish = 1,1
612,Times: total = 40; boot = 15; init = 25; finish = 0,3
613,1250,1
614,Times: total = 43; boot = 13; init = 29; finish = 1,1
615,Slf4jLogger started Found block rdd_42_10 locally,3
616,1251,1
617,1252,1
618,1253,1
619,1254,1
620,Slf4jLogger started Found block rdd_42_11 locally,3
621,Slf4jLogger started Found block rdd_42_12 locally,3
622,Slf4jLogger started Found block rdd_42_13 locally,3
623,Slf4jLogger started Found block rdd_42_14 locally,3
624,Times: total = 40; boot = 14; init = 25; finish = 1,2
625,1255,1
626,Times: total = 39; boot = 12; init = 26; finish = 1,1
627,Times: total = 40; boot = 10; init = 29; finish = 1,1
628,Times: total = 41; boot = 11; init = 29; finish = 1,3
629,Slf4jLogger started Found block rdd_42_15 locally,3
630,1256,1
631,1257,1
632,1258,1
633,Slf4jLogger started Found block rdd_42_16 locally,3
634,Slf4jLogger started Found block rdd_42_17 locally,3
635,Slf4jLogger started Found block rdd_42_19 locally,3
636,Slf4jLogger started Found block rdd_42_18 locally,3
637,Times: total = 42; boot = 19; init = 22; finish = 1,2
638,Times: total = 39; boot = 15; init = 24; finish = 0,2
639,Times: total = 40; boot = 14; init = 26; finish = 0,2
640,Times: total = 39; boot = 13; init = 25; finish = 1,1
641,Slf4jLogger started Found block rdd_42_20 locally,3
642,1261,1
643,Times: total = 42; boot = 16; init = 25; finish = 1,4
644,1263,1
645,Slf4jLogger started Found block rdd_42_21 locally,3
646,1264,1
647,Slf4jLogger started Found block rdd_42_22 locally,3
648,Slf4jLogger started Found block rdd_42_24 locally,3
649,Slf4jLogger started Found block rdd_42_23 locally,3
650,Times: total = 40; boot = 17; init = 22; finish = 1,1
651,Times: total = 41; boot = 19; init = 21; finish = 1,3
652,1265,1
653,Times: total = 41; boot = 14; init = 25; finish = 2,1
654,1266,1
655,Slf4jLogger started Found block rdd_42_25 locally,3
656,Slf4jLogger started Found block rdd_42_26 locally,3
657,1267,1
658,1268,1
659,Slf4jLogger started Found block rdd_42_27 locally,3
660,Slf4jLogger started Found block rdd_42_28 locally,3
661,Slf4jLogger started Found block rdd_42_29 locally,3
662,Times: total = 42; boot = 14; init = 27; finish = 1,1
663,Times: total = 41; boot = 34; init = 6; finish = 1,1
664,Times: total = 42; boot = 34; init = 7; finish = 1,1
665,1273,1
666,Slf4jLogger started Found block rdd_42_31 locally,2
667,Slf4jLogger started Found block rdd_42_32 locally,3
668,Slf4jLogger started Found block rdd_42_33 locally,2
669,Slf4jLogger started Found block rdd_42_30 locally,3
670,Times: total = 108; boot = 28; init = 79; finish = 1,1
671,Slf4jLogger started Found block rdd_42_34 locally,2
672,Times: total = 40; boot = -27; init = 66; finish = 1,1
673,Times: total = 42; boot = -28; init = 69; finish = 1,1
674,Times: total = 41; boot = -24; init = 64; finish = 1,1
675,Times: total = 41; boot = -15; init = 55; finish = 1,1
676,1275,1
677,1276,1
678,1277,1
679,1278,1
680,Slf4jLogger started Found block rdd_42_35 locally,2
681,Slf4jLogger started Found block rdd_42_37 locally,2
682,Slf4jLogger started Found block rdd_42_38 locally,2
683,Slf4jLogger started Found block rdd_42_36 locally,2
684,1279,1
685,Slf4jLogger started Found block rdd_42_39 locally,2
686,Times: total = 41; boot = 31; init = 9; finish = 1,1
687,Times: total = 39; boot = 27; init = 11; finish = 1,1
688,Times: total = 40; boot = 20; init = 19; finish = 1,3
689,Times: total = 42; boot = 27; init = 14; finish = 1,1
690,Times: total = 39; boot = 17; init = 21; finish = 1,1
691,1284,1
692,"Block broadcast_39_piece0 stored as bytes in memory (estimated size 5.4 KB, free 859.1 KB)",1
693,free 868.3 KB),1
694,Times: total = 39; boot = -790; init = 829; finish = 0,1
695,Times: total = 38; boot = -784; init = 822; finish = 0,1
696,Times: total = 39; boot = -784; init = 823; finish = 0,1
697,Times: total = 41; boot = -768; init = 809; finish = 0,1
698,Times: total = 49; boot = -793; init = 841; finish = 1,1
699,1287,1
700,1288,1
701,1289,1
702,Times: total = 40; boot = 16; init = 24; finish = 0,1
703,Times: total = 42; boot = 13; init = 29; finish = 0,1
704,1293,1
705,Times: total = 40; boot = 21; init = 19; finish = 0,1
706,Times: total = 39; boot = 19; init = 20;,1
707,1295,1
708,1296,1
709,Times: total = 41; boot = 12; init = 28; finish = 1,1
710,1297,1
711,1298,1
712,Times: total = 42; boot = 14; init = 28; finish = 0,1
713,Times: total = 39; boot = 15; init = 23; finish = 1,2
714,1307,1
715,Times: total = 43; boot = 15; init = 27; finish = 1,3
716,1308,1
717,Times: total = 41; boot = 17; init = 23; finish = 1,1
718,Times: total = 40; boot = 27; init = 13; finish = 0,1
719,1310,1
720,1311,1
721,1312,1
722,1313,1
723,1314,1
724,1315,1
725,1316,1
726,1317,1
727,1318,1
728,1319,1
729,1321,1
730,1323,1
731,"Block broadcast_40_piece0 stored as bytes in memory (estimated size 6.0 KB, free 874.3 KB)",1
732,free 884.2 KB),1
733,Times: total = 40; boot = -79; init = 118; finish = 1,1
734,Times: total = 40; boot = -80; init = 119; finish = 1,1
735,Times: total = 41; boot = -85; init = 125; finish = 1,1
736,1327,1
737,1328,1
738,Times: total = 39; boot = 18; init = 20; finish = 1,3
739,Times: total = 41; boot = 16; init = 24; finish = 1,1
740,Times: total = 43; boot = 25; init = 17; finish = 1,1
741,1331,1
742,1333,1
743,1334,1
744,Times: total = 39; boot = 19; init = 19; finish = 1,1
745,Times: total = 41; boot = 21; init = 19; finish = 1,1
746,Times: total = 42; boot = 18; init = 23; finish = 1,2
747,1335,1
748,1336,1
749,1337,1
750,1338,1
751,1339,1
752,Times: total = 41; boot = 27; init = 14; finish = 0,1
753,Times: total = 41; boot = 15; init = 25; finish = 1,2
754,1341,1
755,1342,1
756,1343,1
757,1344,1
758,Times: total = 39; boot = 16; init = 22; finish = 1,1
759,Times: total = 41; boot = 18; init = 22; finish = 1,1
760,1345,1
761,1346,1
762,1347,1
763,1348,1
764,1349,1
765,Times: total = 41; boot = 23; init = 17; finish = 1,1
766,Times: total = 43; boot = 14; init = 28; finish = 1,1
767,1351,1
768,1353,1
769,1354,1
